TP,FP,TN,FN,Accuracy,Precision,Recall,F1
1121,31,340,1,0.9785666443402545,0.9730902777777778,0.9991087344028521,0.9859278803869833
