ReviewerEmail,N_cases,MeanRating,SDRating
georgeshenouda413@gmail.com,48,9.833333333333334,0.5586203877309281
marie.duclos.ro@gmail.com,48,8.645833333333334,1.2963054429487058
tomasyokoo@hotmail.com,48,8.875,1.0442344238315908
