ReviewerEmail,N_cases,MeanRating,SDRating
georgeshenouda413@gmail.com,48,9.833333333333334,0.5586203877309281
marie.duclos.ro@gmail.com,43,8.604651162790697,1.347652895888342
marie.duclosro@gmail.com,5,9.0,0.7071067811865476
tomasyokoo@hotmail.com,48,8.875,1.0442344238315908
