TP,FP,TN,FN,Accuracy,Precision,Recall,F1
985,29,298,1,0.9771515613099772,0.9714003944773175,0.9989858012170385,0.985
