ReviewerEmail,N_cases,MeanRating,SDRating
georgeshenouda413@gmail.com,42,9.80952380952381,0.5942035143723493
marie.duclos.ro@gmail.com,37,8.486486486486486,1.3868754174126179
marie.duclosro@gmail.com,5,9.0,0.7071067811865476
tomasyokoo@hotmail.com,42,8.857142857142858,1.1168647006606853
